z-loc_nm,density-ow_nm^-3_mean,density-hw_nm^-3_mean,s_value_mean,density-ow_nm^-3_std,density-hw_nm^-3_std,s_value_std
-1.0,0.0,0.0,,0.0,0.0,
-0.995,0.0,0.0,,0.0,0.0,
-0.99,0.0,0.0,,0.0,0.0,
-0.985,0.0,0.0,,0.0,0.0,
-0.98,0.0,0.0,,0.0,0.0,
-0.975,0.0,0.0,,0.0,0.0,
-0.97,0.0,0.0,,0.0,0.0,
-0.965,0.0,0.0,,0.0,0.0,
-0.96,0.0,0.0,,0.0,0.0,
-0.955,0.0,0.0,,0.0,0.0,
-0.95,0.0,0.0,,0.0,0.0,
-0.945,0.0,0.0,,0.0,0.0,
-0.94,0.0,0.0,,0.0,0.0,
-0.9349999999999999,0.0,0.0,,0.0,0.0,
-0.9299999999999999,0.0,0.0,,0.0,0.0,
-0.9249999999999999,0.0,0.0,,0.0,0.0,
-0.9199999999999999,0.0,0.0,,0.0,0.0,
-0.9149999999999999,0.0,0.0,,0.0,0.0,
-0.9099999999999999,0.0,0.0,,0.0,0.0,
-0.9049999999999999,0.0,0.0,,0.0,0.0,
-0.8999999999999999,0.0,0.0,,0.0,0.0,
-0.8949999999999999,0.0,0.0,,0.0,0.0,
-0.8899999999999999,0.0,0.0,,0.0,0.0,
-0.8849999999999999,0.0,0.0,,0.0,0.0,
-0.8799999999999999,0.0,0.0,,0.0,0.0,
-0.8749999999999999,0.0,0.0,,0.0,0.0,
-0.8699999999999999,0.0,0.0,,0.0,0.0,
-0.8649999999999999,0.0,0.0,,0.0,0.0,
-0.8599999999999999,0.0,0.0,,0.0,0.0,
-0.8549999999999999,0.0,0.0,,0.0,0.0,
-0.8499999999999999,0.0,0.0,,0.0,0.0,
-0.8449999999999999,0.0,0.0,,0.0,0.0,
-0.8399999999999999,0.0,0.002532158273103062,,0.0,0.0008771653563640745,
-0.8349999999999999,0.0,0.01873797122096266,,0.0,0.005335588562567077,
-0.8299999999999998,0.0,0.08710624459474532,,0.0,0.034987793990002486,
-0.8249999999999998,0.0,0.2572672805472711,,0.0,0.03921821905375387,
-0.8199999999999998,0.0,0.7074850215049956,,0.0,0.10368376507403197,
-0.8149999999999998,0.0,1.4656132084720523,,0.0,0.248614102820302,
-0.8099999999999998,0.0,2.5311454097938206,,0.0,0.3301347900612339,
-0.8049999999999998,0.0,4.135520891631921,,0.0,0.5399912862028926,
-0.7999999999999998,0.0,5.844727725976488,,0.0,0.35606323315927413,
-0.7949999999999998,0.0,7.674971725775381,,0.0,0.5706269092267554,
-0.7899999999999998,0.0,9.500151409028067,,0.0,0.6587698703080277,
-0.7849999999999998,0.0,11.20480035848105,,0.0,0.6271045249742401,
-0.7799999999999998,0.0,12.869947638873624,,0.0,0.6563424581236064,
-0.7749999999999998,0.0,14.316316444470091,,0.0,0.4053642962120973,
-0.7699999999999998,0.0,15.772813883158973,,0.0,0.344690271634465,
-0.7649999999999998,0.0,17.506329436925327,,0.0,0.29659475859134987,
-0.7599999999999998,0.0,18.88129137922029,,0.0,0.3524185801492369,
-0.7549999999999998,0.0,21.22860209838683,,0.0,0.24900838134901568,
-0.7499999999999998,0.0010128633092412248,23.566797047770198,-0.4955860668378591,0.0008771653563640745,0.07566536356456553,0.0059515585927686025
-0.7449999999999998,0.010128633092412248,26.72844986756668,-0.2529202960431576,0.0061401574945485204,0.2626681875388557,0.15623689942888083
-0.7399999999999998,0.049123870498199405,30.449203234064317,-0.29415109008550644,0.01099085041284951,0.1972530166227486,0.028321785673342946
-0.7349999999999998,0.3180390791017446,35.71305385219097,-0.27749063819646835,0.029512410586782202,0.22358082893086187,0.026406519189472278
-0.7299999999999998,1.2919071509371822,41.92443809611277,-0.27520038187503815,0.02192913390910189,0.6153469711669535,0.009128110158994987
-0.7249999999999998,3.9613084024424303,49.59890339023354,-0.27881668508052826,0.13999240314576308,0.20722648650924516,0.0015087880258534327
-0.7199999999999998,9.637394387430254,59.05398238200038,-0.2736472114920616,0.3828934791921836,0.31010865894529926,0.0012014780992609217
-0.7149999999999997,19.411018889953453,69.48495517222112,-0.27629049122333527,0.403384495952266,0.16433687684274506,0.003887569778659258
-0.7099999999999997,32.676489651085774,80.91359832204448,-0.27729159593582153,0.7507490157315466,0.5507529812820909,0.004758519645470073
-0.7049999999999997,48.5146332176908,93.3510533278721,-0.2777460739016533,0.6037325942318792,0.7865581417033335,0.0013162285994251794
-0.6999999999999997,65.21117843887778,105.29271174382615,-0.27519141137599945,0.777855282151219,0.8231863895072916,0.0025512086116497887
-0.6949999999999997,79.50470545888993,117.02065600153027,-0.2752630263566971,0.4528951776219181,0.6490377584511899,0.0030770623783463015
-0.6899999999999997,91.86872787479757,126.82264067671224,-0.27486034482717514,1.2303935012744458,1.4980235503113006,0.001963119030325925
-0.6849999999999997,99.50723652144028,134.28187251761923,-0.2709152549505234,1.0351766528117596,1.1808913335833053,0.0051945770622580005
-0.6799999999999997,103.45233911093483,140.0622834234589,-0.2690470963716507,1.4157793952839177,1.775837457540555,0.005902747645577247
-0.6749999999999997,104.7609585064745,143.3814364878424,-0.2652106434106827,1.2509475928067428,1.8918592109353123,0.004984142240341452
-0.6699999999999997,103.10695272248358,144.1405775381187,-0.26011351495981216,1.0032674388361997,2.032465384229306,0.006309126823362307
-0.6649999999999997,99.88959242067882,142.8117008763942,-0.25526101142168045,0.8403244113967839,2.446468902838083,0.00597863411032845
-0.6599999999999997,94.53660983133896,139.70727483356984,-0.24986790865659714,0.7060374734346413,3.443528986056547,0.007002174499398967
-0.6549999999999997,89.49660200455462,135.94752622966644,-0.2440510243177414,0.8865451718136395,3.2625140442781766,0.006621240558214959
-0.6499999999999997,83.9040772425792,130.57175421586862,-0.23891093581914902,1.0226314850153653,2.598679017286028,0.007647649451293205
-0.6449999999999997,77.63799837995835,124.40189736762572,-0.2332700937986374,0.7723673824013526,2.5461182213603544,0.00699069445842341
-0.6399999999999997,72.12346409279452,118.98966227469522,-0.22700099647045135,0.1360370070568032,2.121325896453597,0.006498261046585334
-0.6349999999999997,67.08801415090177,112.37617129700465,-0.2195921391248703,0.682284114485511,2.5497173645982194,0.0065353853872370405
-0.6299999999999997,61.88392246802035,106.91228017530285,-0.21354727447032928,0.47891300582728963,1.5703957298211773,0.006121454080273602
-0.6249999999999997,57.27944586420974,101.2275848521865,-0.20689626783132553,0.2523234415524104,1.3817033405814054,0.006379152650968657
-0.6199999999999997,53.06897308769397,96.08274567289568,-0.1991834118962288,0.34388126433154215,0.41362043876474935,0.007941790573852333
-0.6149999999999997,49.260607044946966,92.34173504021322,-0.19306781142950058,0.20861603588130728,0.6565346843756326,0.007391194875358158
-0.6099999999999997,45.38336629717156,88.34193783201964,-0.18579594045877457,0.2794401578252322,1.3041572866322484,0.010922096689805556
-0.6049999999999996,42.19436616802556,85.23194104099446,-0.17791105061769485,0.19208919947959188,1.182336907302323,0.006708524359987587
-0.5999999999999996,39.215535175547124,81.95988612049067,-0.17190825194120407,0.0844587717620794,1.5011226264236839,0.010329263424842224
-0.5949999999999996,36.66210677294999,79.04841053807677,-0.16571854054927826,0.1396677539346912,1.6568845585457908,0.011004794129012048
-0.5899999999999996,34.05499661496308,76.5577796606526,-0.1604025661945343,0.2835225855990936,1.6024178595463408,0.012847899879871344
-0.5849999999999996,31.73908465838302,73.9683946105774,-0.15325052291154861,0.4244963780720181,1.5468392615853148,0.011868480374150125
-0.5799999999999996,29.94530373771681,70.91815675479745,-0.14357369393110275,0.3417130467654004,1.1372451382375264,0.012777890989036367
-0.5749999999999996,27.905397032904986,68.37435055363811,-0.14157098531723022,0.24991055226533318,1.4936384978545778,0.013899030478073114
-0.5699999999999996,26.30659229926771,66.05388071216647,-0.1346660554409027,0.3224772903608135,1.5090273105765923,0.019584340530049985
-0.5649999999999996,24.681959551244788,63.55869194985072,-0.12738961726427078,0.25883513289508747,0.8885944828734547,0.011726425687279945
-0.5599999999999996,23.19355691831481,61.17390528824225,-0.12103137373924255,0.05827045840213275,1.1962499929623172,0.009868661578155455
-0.5549999999999996,21.964953724205202,59.491539331592584,-0.11086326837539673,0.13908258211556027,1.2672061543721416,0.012827273302976682
-0.5499999999999996,21.13643153724588,57.55393182101411,-0.10574278235435486,0.15281569933440745,1.2466636829823756,0.01122674512904942
-0.5449999999999996,20.050135638084665,55.942466296011325,-0.09430602192878723,0.1259366314197771,1.5398639704722348,0.007811759588308349
-0.5399999999999996,19.03980448711654,54.6297954472347,-0.08974607288837433,0.03201353137540315,1.556065383021138,0.007737656343957166
-0.5349999999999996,18.32522942244686,54.192238497642485,-0.08003944158554077,0.16949731080802574,1.4282603667173313,0.010294180675947897
-0.5299999999999996,17.793476185095216,54.10260009477465,-0.06859421730041504,0.22098474714740476,1.6712916761886645,0.01313820316829679
-0.5249999999999996,17.026232228344988,53.82102409480558,-0.058388277888298035,0.07820065669799381,0.9392794601700643,0.02153049222121386
-0.5199999999999996,16.684390861476075,54.20895074224497,-0.04769618809223175,0.11611761128093699,1.45546580874118,0.015909027137714242
-0.5149999999999996,16.377493278775987,54.037270411328585,-0.030786067247390747,0.17984456935457313,0.7528813013051492,0.01869877716677782
-0.5099999999999996,16.21594158095201,54.52445766307361,-0.020304620265960693,0.29374825887410594,0.8369743418866573,0.023717492058071343
-0.5049999999999996,15.982476588171906,54.5411699076761,-0.018119052052497864,0.09886319006452611,0.9298321014114119,0.02535694337039671
-0.49999999999999956,16.272661926269517,54.90073638245673,0.003983229398727417,0.4785425424795125,0.36973638321747593,0.027589631297667314
-0.49499999999999955,16.19416501980332,55.022786411220295,0.0077039748430252075,0.5613666397529075,0.3854969597417741,0.035770446355081434
-0.48999999999999955,16.720347508954138,54.837432425629146,0.01379840075969696,0.8099229262252122,0.36327356070530353,0.03396137250744723
-0.48499999999999954,16.916842990946936,54.714369533556344,0.02761043608188629,0.8583765567171041,0.22699609069369614,0.03740423210974401
-0.47999999999999954,17.512406616780776,53.89901456961716,0.038008347153663635,0.949086835399935,0.23903842333693368,0.03729306830889629
-0.47499999999999953,18.496403321708627,53.787093173946,0.04043665528297424,0.9714490487693116,0.42722815712564577,0.03649199373060018
-0.46999999999999953,18.972955508706622,53.199126022931466,0.053619787096977234,1.349875406997745,0.6222256402871825,0.0375490306660805
-0.4649999999999995,20.166614918647408,53.03099071359742,0.05746181309223175,1.6032459238552175,0.3608349527960007,0.03933262145418998
-0.4599999999999995,21.47067642929548,52.241970195698514,0.06621348857879639,1.6920547007766864,0.8074396441341362,0.04094002769673365
-0.4549999999999995,22.83297758022493,52.16853760577852,0.06563106179237366,1.4433344803500636,0.8702488309518444,0.039679380682700036
-0.4499999999999995,24.690062457718714,52.33464718849408,0.06428137421607971,1.6817840389080858,1.0669403255014591,0.034696478694471886
-0.4449999999999995,26.591713320819114,52.54988064170785,0.0693177878856659,1.2971045448043188,1.0331667490450829,0.034948341994906304
-0.4399999999999995,28.936491881712552,53.191023116457536,0.07240097224712372,1.2678687154007193,1.559615543869016,0.032493767984686096
-0.4349999999999995,31.597790226743868,54.242881663104555,0.07470819354057312,0.8980823992129335,1.3351701525992343,0.02641335208679784
-0.4299999999999995,34.07879890273025,55.63556871331124,0.06894509494304657,0.664170586099044,1.467765799649214,0.019863988832468853
-0.4249999999999995,36.890001017529265,57.22981556205693,0.0699920803308487,0.38373252500155275,1.5480134584083962,0.02054639457459956
-0.4199999999999995,39.73665334815173,59.14615294314132,0.06656423211097717,0.3676704275994691,1.3326399449804098,0.01665040338224232
-0.4149999999999995,41.69147953498729,61.439781906918064,0.06532242894172668,0.34532586382286895,1.40985770195449,0.01568501155328743
-0.4099999999999995,43.92180454193647,63.967888726784174,0.0613468736410141,0.6713020457242814,1.421119413712382,0.011763805928500477
-0.40499999999999947,45.65532009570283,66.21796456826354,0.056971475481987,0.6173094430320479,1.166645752404628,0.012258227055020202
-0.39999999999999947,46.8611338653545,69.08082271183387,0.05355890095233917,0.8360803181030437,0.6860706092272914,0.006904406644785931
-0.39499999999999946,48.04567750551212,71.25138878353782,0.04885697364807129,0.7757727971597901,1.046478121978029,0.0067875226441380925
-0.38999999999999946,47.93882042638717,73.90509065374982,0.04270853102207184,0.8244976413533753,0.3375856087961803,0.007225002546420803
-0.38499999999999945,48.02896526090964,75.6218939629137,0.043065592646598816,0.8929194350466718,0.28183774719781507,0.00924016289436985
-0.37999999999999945,47.92818536164014,78.24672922881234,0.04029183089733124,1.4928179267946635,0.5285465377780677,0.007476700700105176
-0.37499999999999944,47.17360219625542,80.49123432209089,0.036054372787475586,1.299338620400198,0.915836666689039,0.005324056769370495
-0.36999999999999944,46.15364884384951,81.92089088308488,0.0328747034072876,1.1388292243226503,1.012037869118798,0.00709526143503606
-0.36499999999999944,45.766228628064745,83.51361843686671,0.028364181518554688,1.550890861707477,1.6028888285821687,0.0073330454934156025
-0.35999999999999943,44.29403180808262,84.74728594752251,0.024480774998664856,1.0581323171749448,1.413499920597603,0.005379311546161911
-0.3549999999999994,43.572366700248246,85.36310683954117,0.019630655646324158,1.3558048426257892,2.009066395111984,0.010299117647739777
-0.3499999999999994,42.64205175071019,85.63556706972707,0.013532787561416626,1.185641086001502,2.5252402341095386,0.010011778707495683
-0.3449999999999994,41.720346139300666,85.78547083949478,0.010714292526245117,0.9243013142646855,1.7075841322776737,0.01390287287832694
-0.3399999999999994,40.91866483003624,85.65227931432956,0.0032290369272232056,0.9936843376590004,1.7459537389553208,0.015399436433486468
-0.3349999999999994,40.05975674379968,85.14179620647197,-0.002529919147491455,0.650244636997896,1.9332360291895594,0.019993115743744808
-0.3299999999999994,39.5123041251548,84.71538075328141,-0.006007656455039978,0.633405713760442,2.1461397034786054,0.023915756276863806
-0.3249999999999994,38.35915924758366,83.74455127137371,-0.0115739107131958,0.5092403854881767,1.9824303829754484,0.019234509050287212
-0.3199999999999994,38.1413936360968,83.15911627863228,-0.01473003625869751,0.3522220325351165,1.8330596483141104,0.02602414039001985
-0.3149999999999994,37.0824450462851,81.80998235072296,-0.020413115620613098,0.400242199439103,1.8467993230738924,0.020417384605336646
-0.3099999999999994,36.63324016863661,80.55909616381005,-0.022666320204734802,0.7038960956654693,2.1853815704442994,0.017596319789830568
-0.3049999999999994,36.06654314711616,79.40747058120279,-0.02816043794155121,0.8896026649063891,1.8335240382014515,0.0182990341055879
-0.2999999999999994,35.35095521913723,78.14088501299663,-0.02689582109451294,1.0074781591635853,2.3485500842226457,0.016274849721608222
-0.2949999999999994,35.572265852206435,76.56081825058033,-0.02181456983089447,1.2498418251277665,2.072674918506375,0.018560476839233914
-0.28999999999999937,34.97467649975411,75.36108166078408,-0.02379932999610901,1.2099640037665476,2.3009742708984975,0.017519408147280268
-0.28499999999999936,34.87237730552075,74.00131266812775,-0.026460841298103333,1.2091402296835323,1.8969931358119065,0.016608201626737772
-0.27999999999999936,34.46925770844274,72.86639933012295,-0.02288314700126648,1.0892161740135653,1.6052574184391277,0.010548633180146138
-0.27499999999999936,34.49508572282839,71.40078612165088,-0.015836447477340698,1.5185703405764228,1.6091815421396323,0.008315653066597232
-0.26999999999999935,34.26010143508443,70.18129869732446,-0.01685713231563568,1.6067569644425046,1.2080395042883918,0.006364157917201379
-0.26499999999999935,33.94054306101882,68.68985747446676,-0.01311582326889038,1.5664928190450083,1.338650898991493,0.004334369780627572
-0.25999999999999934,33.798742197725055,67.88918902851157,-0.009235486388206482,1.2382564645842788,1.029362795691119,0.008304827893386931
-0.25499999999999934,33.6771986006161,66.66007940274734,-0.006671607494354248,1.3790732807512047,0.7872005633431728,0.008826392635621988
-0.24999999999999933,33.40828339201256,65.92980495678442,-0.001599639654159546,1.1402299425384577,1.3513554365397673,0.011548363478731893
-0.24499999999999933,33.338902255329536,64.89516508639451,0.002650931477546692,1.280016000398874,1.2421804310260953,0.008077133906441894
-0.23999999999999932,33.1560804280115,64.189705791508,0.005717620253562927,0.7017372191290437,0.6212863826723233,0.0108929325631943
-0.23499999999999932,32.61419855756744,63.55818551819609,0.00505518913269043,0.7213217187839313,0.5587288564481291,0.0053263977800463
-0.22999999999999932,32.61875644245902,63.097332712491344,0.007013052701950073,0.4894048185812249,0.365911502365695,0.010805340589537502
-0.2249999999999993,32.246529176312876,62.52860996435239,0.007866814732551575,0.5276074880303971,0.5201146784431512,0.008623262969249387
-0.2199999999999993,32.06826523388642,62.11637459749121,0.011614874005317688,0.41242725606464054,0.6022006892798479,0.014551167073626902
-0.2149999999999993,31.74516183823847,61.980144482398266,0.008717045187950134,0.541462600551607,0.6984797838942958,0.015700592735479756
-0.2099999999999993,31.326849291521842,61.74819878458203,0.014047324657440186,0.33361355820028354,1.0988550494275124,0.018898264429231273
-0.2049999999999993,31.40838478791576,61.756808122710574,0.010211527347564697,0.7553142480872067,1.2949316787441758,0.01774495184964312
-0.1999999999999993,31.168336183625588,61.79479049680712,0.012015283107757568,0.5938266937699856,1.473450867075002,0.0181211613138848
-0.19499999999999929,30.68975827000911,62.08143081332239,0.008231908082962036,0.995124284026408,1.0339480363849913,0.023763650369405434
-0.18999999999999928,30.699380471446904,61.988753820526824,0.010285928845405579,0.9338132815686114,1.3047294360353328,0.021949823443900167
-0.18499999999999928,30.46439618370294,62.25513687085726,0.007117569446563721,0.9148191277525897,0.9168744755823239,0.0257643060935117
-0.17999999999999927,30.538841636932165,62.53316784924397,0.014206618070602417,1.3340424914596019,0.546207845848742,0.027082369394015957
-0.17499999999999927,30.1220483851794,62.53266141758936,0.0116996169090271,0.9292725554124536,1.1641369020563996,0.023825788003927737
-0.16999999999999926,30.037980730512384,62.56254088521197,0.008542567491531372,1.133421536651179,0.8374407497399138,0.02344787895882755
-0.16499999999999926,29.961003119010048,63.0249129858806,0.006195664405822754,1.0587658372254947,0.9922252419283504,0.0228231826684342
-0.15999999999999925,30.056212270078728,63.141392266443326,0.007088944315910339,1.1167603442592156,0.6565223788934338,0.024270048015035406
-0.15499999999999925,30.061783018279552,63.397646683681366,0.0029615461826324463,1.104512113316692,0.6064639062879611,0.025425423697216894
-0.14999999999999925,30.254227047035386,63.430564741231706,0.004127994179725647,1.3530550710685747,0.7282749561167984,0.025638515975287227
-0.14499999999999924,30.330191795228476,63.30142466930344,0.002889201045036316,1.3277015449515808,0.6361819762845022,0.02468485609719229
-0.13999999999999924,30.6624109606596,63.1530401944996,0.008702665567398071,1.355520211567479,0.491492116493834,0.023318163124006662
-0.13499999999999923,30.82092406855585,63.434109762814046,0.00519561767578125,1.6981683429870997,1.0961145475827143,0.02421277485448102
-0.12999999999999923,30.661904529004975,63.94560573398087,0.003220200538635254,1.898934152165122,1.4307209628795898,0.02501352933392256
-0.12499999999999922,30.891318068548117,64.01397400735465,0.004747018218040466,1.7495025100571147,1.6338482783425885,0.025269062116006335
-0.11999999999999922,31.17137477355331,64.10817029511408,0.008461415767669678,1.9499658134623192,1.9141313804243052,0.01949448536623364
-0.11499999999999921,31.17643909009952,64.82780967632998,0.006642326712608337,1.7828454379653453,1.7996075034293628,0.025249875328574336
-0.10999999999999921,31.443835003739206,65.17623465470895,0.008444622159004211,1.9091471236147468,1.5507760070048393,0.021823413702437337
-0.1049999999999992,31.71578880227047,65.65430613667081,0.006835177540779114,1.4395593039293904,1.6919464728373608,0.023285028269724728
-0.0999999999999992,31.958369564833745,65.96778733088097,0.005221888422966003,1.2423039971883214,1.748082721746143,0.02531689137899512
-0.0949999999999992,32.316923176305146,66.38964489917994,0.006714135408401489,1.172703816534337,2.047252829509697,0.022030067565287238
-0.08999999999999919,32.558997507213796,66.48637334521247,0.004115059971809387,1.0539969428103708,1.6623283302672252,0.027300829566345428
-0.08499999999999919,33.013773133063104,66.4154729135656,0.003502771258354187,1.5539352554432255,2.2015345932433097,0.02186482546753725
-0.07999999999999918,33.153548269738394,67.10573925881349,-0.0007814913988113403,1.071206745024056,2.0383010944514965,0.020271324051240033
-0.07499999999999918,33.51210188120979,67.63394747458278,-0.003608793020248413,0.7099682326635511,1.9103267934141261,0.02317509434644124
-0.06999999999999917,33.63921622651956,67.87956682707379,-0.0046460628509521484,0.9924721913799577,1.8899078749434453,0.017169764089536195
-0.06499999999999917,34.32441825522125,68.29838580544504,-0.005458712577819824,0.74303517059646,1.142623956278491,0.017293386987808072
-0.059999999999999165,34.54674175159969,68.49285556081935,-0.013201668858528137,0.634740514038348,1.1451483593595744,0.01669396556223075
-0.05499999999999916,34.708799881078285,68.83621622265213,-0.011294662952423096,0.7084222237222283,1.0078400917123744,0.016133185285725778
-0.049999999999999156,35.06380847096734,69.46014002114471,-0.01762537658214569,0.4138259404347902,0.6005008940212441,0.014927591396764979
-0.04499999999999915,35.41932349251101,69.8186936326161,-0.017098218202590942,0.39795088779962834,0.6040727730309345,0.01409426445044443
-0.03999999999999915,35.74242688815896,69.73513240960371,-0.01607094705104828,0.18070245042450217,0.39094129265018807,0.012973589512478836
-0.03499999999999914,36.53499242764022,69.6611933880291,-0.012988865375518799,0.9767475520809032,0.426305070484833,0.011172720486565755
-0.02999999999999914,36.74465513265316,70.46540685556663,-0.016112998127937317,0.7044227661491728,1.0500794108247526,0.005547127059579299
-0.024999999999999134,36.68996051395413,70.47908051024139,-0.013014674186706543,1.267791641812647,0.9937691209146434,0.010140567015125205
-0.01999999999999913,37.33110298870382,70.55859028001682,-0.010897070169448853,1.5873268728308176,1.466561454854943,0.006904470192511897
-0.014999999999999125,37.731690427508724,71.67982996334685,-0.012982845306396484,1.9506688297120496,1.5318866110972527,0.004922412337919467
-0.00999999999999912,37.88108776562181,71.62817393457554,-0.010230466723442078,1.5961604238054299,1.9825049004388604,0.009286986723043962
-0.004999999999999116,38.18241460012107,72.22525685537326,-0.012040495872497559,1.8118956148411771,1.8669942775041486,0.004438190129371642
8.881784197001252e-16,37.846650413107604,72.74992004956022,-0.011446923017501831,2.297265590052169,2.761153392060027,0.00326200291284061
0.005000000000000782,38.065428887903714,72.56963038051528,-0.011543899774551392,1.763270154367364,2.814926131227224,0.004646729637595372
0.010000000000000897,37.96009110374262,72.99452653874197,-0.009108051657676697,1.8564425083071214,2.640373359227562,0.006312722568820458
0.015000000000001013,37.94894960734097,72.90539456752873,-0.010124489665031433,1.9669818504380316,3.157017555684079,0.002067896100711281
0.020000000000000906,37.8243674203043,72.81271757473316,-0.006591349840164185,2.0117851987742,2.6992131148812266,0.004050583970601105
0.0250000000000008,37.568113003066266,72.49619779059529,-0.00350227952003479,1.7126149851321055,2.7213372029738605,0.0012095967740002253
0.030000000000000915,37.2495674923099,72.85829642364902,0.0007838308811187744,1.7929491619028524,2.1437431397757045,0.001985762647589043
0.03500000000000103,37.05712346355407,72.24905914314043,0.0027645230293273926,1.4100800744270698,2.560924931073991,0.0012978292602823535
0.040000000000000924,37.03686619736925,72.36756415032166,0.006165102124214172,1.4513699493385452,2.1057298484990095,0.0023680656074625277
0.04500000000000082,36.56740405353594,71.98622111439232,0.011970967054367065,1.3099999870548933,2.283170435537239,0.004037042127215705
0.05000000000000093,36.39116583772796,71.79276422232725,0.013715550303459167,1.0866701691329514,1.475545182126931,0.0011725594125911872
0.05500000000000105,35.975891880939066,71.25746596339327,0.016909420490264893,0.9731144532831009,1.6512509112239422,0.0033262278498003505
0.06000000000000094,35.45629300329831,71.08933065405921,0.020375341176986694,0.7801462523149323,1.1606866644378606,0.006643027320681271
0.06500000000000083,35.27043258605255,70.45932967571117,0.020592689514160156,0.6918532970621604,0.8746196370535071,0.001703652566503273
0.07000000000000095,34.92099474436432,70.65025440950315,0.026065632700920105,0.28895376615640955,0.9195500606855915,0.003965006376964506
0.07500000000000107,34.598397780370995,69.78577557506577,0.0263870507478714,0.22994283756931824,1.2458654103761817,0.003763591222995434
0.08000000000000096,34.57408906094921,69.23224577656543,0.029387474060058594,0.37354372754239695,0.955671957674178,0.007415053405607714
0.08500000000000085,34.192746025019886,68.73898134496496,0.030150875449180603,0.22028379878855298,0.8281356176079543,0.0028954279059698112
0.09000000000000097,33.37182031287987,68.59464832339809,0.028574034571647644,0.3250237958199148,1.2675701050176544,0.00272738462862082
0.09500000000000108,33.27863688842968,68.08821666877748,0.03112788498401642,0.40632833008540126,0.9943032052596326,0.0029980084398233964
0.10000000000000098,32.768153780572106,66.91025664012993,0.03121069073677063,0.557084258047198,1.0471914353062688,0.002562328329175526
0.10500000000000087,32.42783170866705,66.74110846748665,0.03142322599887848,0.6345635112385911,0.9637900007453017,0.004774691119667645
0.11000000000000099,32.183731651139915,65.762176079105,0.027896210551261902,0.6263151062595524,0.8596126509851725,0.006356686287856241
0.1150000000000011,32.098144701509035,65.50490879855774,0.028704464435577393,0.5332205880774847,1.1053143218031187,0.003715988235887094
0.120000000000001,31.530434816679332,65.06330039572856,0.03324395418167114,0.8925884850501623,1.3852757299788858,0.003859030315487395
0.1250000000000009,31.412436241152722,64.22262384905834,0.027414828538894653,0.9450458403149862,1.2574938654239456,0.007414189998053212
0.130000000000001,31.28937334907992,63.92028415124984,0.031842947006225586,0.6078325549070615,1.4995751716801362,0.00118386562517391
0.13500000000000112,31.429654917409824,63.83773579154667,0.032169878482818604,1.1266870603021137,1.501226416727805,0.0044110616592723815
0.140000000000001,31.096422888669462,63.3616900362033,0.0374477356672287,0.7042261303067234,1.4190640597251944,0.004216059856784972
0.1450000000000009,31.028054615295677,62.842091158562546,0.03267642855644226,0.81250373843006,1.2448731850045383,0.004757082963880155
0.15000000000000102,30.92676828437156,62.48505684205502,0.034687235951423645,0.9491289905549991,1.3767062064474154,0.008065169970124481
0.15500000000000114,30.735337118924964,61.73604442487113,0.03487288951873779,0.6446592501142899,1.2027427676613407,0.004576995749029721
0.16000000000000103,30.70444478799311,61.747185921272795,0.03350077569484711,0.5470312890226087,0.8599410813105476,0.006442980054954458
0.16500000000000092,30.58897837073961,61.752250237819,0.03568077087402344,0.7034127856685033,1.2172770383854536,0.005726946806990502
0.17000000000000104,30.61429995347064,61.40686384936774,0.03764311969280243,0.6477443001210461,1.0572819391638708,0.0012596408937644765
0.17500000000000115,30.867515780780945,61.30355179182513,0.03661063313484192,0.4118970885033779,1.3318628744208063,0.005629176448169153
0.18000000000000105,30.50896216930955,61.630200209055424,0.0426015704870224,0.8898076230535038,1.483914143108296,0.0035944130197496766
0.18500000000000094,30.431478126152598,61.158712338603635,0.03626684844493866,0.5006854936588431,1.5499559006309227,0.0031641162365577914
0.19000000000000106,30.706976946266213,61.57753131697488,0.03375345468521118,0.6391707197489658,1.7629906441793017,0.006870327191675457
0.19500000000000117,30.79155103258785,62.10320737447108,0.033125847578048706,0.858869416203744,2.213900717966048,0.008997658118156001
0.20000000000000107,30.73786927719807,62.282990611861386,0.03188954293727875,1.3110647005480522,1.8190982032347338,0.009112732043511526
0.20500000000000096,31.165804025352486,62.30679289962856,0.0319623202085495,1.42660125171239,1.9358562472773875,0.013053052199238871
0.21000000000000107,31.254935996565717,62.68914879886713,0.030865579843521118,1.6207801361416687,2.2350083773308342,0.007491976478651198
0.2150000000000012,31.25746815483882,62.96312832401688,0.02180403470993042,1.5155318208710293,2.047932029596215,0.006975101979131185
0.22000000000000108,31.2250565289431,63.441706237633355,0.023419871926307678,1.5439373637461244,1.7419644899502111,0.006153399926021537
0.22500000000000098,31.54562776631795,63.447276985834186,0.020086750388145447,1.3794841311014845,1.940726715561787,0.005317896787776339
0.2300000000000011,31.759848356222466,63.55008261172217,0.013764619827270508,1.3002185713702223,2.067282796945747,0.008550930576826144
0.2350000000000012,31.660081320262204,64.33758383465722,0.013299897313117981,0.8270343689303832,1.8759835627830588,0.012320343691594102
0.2400000000000011,31.91532287419099,65.2045948273677,0.008084550499916077,0.9511882600533635,1.5534962497900533,0.011621559572982465
0.245000000000001,32.16904513315592,65.33170917267749,0.005660727620124817,0.9960277317559841,1.5726474063745473,0.018856118593533668
0.2500000000000011,32.246022744658255,66.47928330204779,0.0014923512935638428,0.623696643920297,1.5712076159541855,0.017105402755621467
0.2550000000000012,32.33059683097989,66.46358392075454,-0.005346640944480896,0.40559484892647885,0.8769166447256744,0.013713121284526113
0.2600000000000011,32.60558921943889,67.87551537383682,-0.00608120858669281,0.30785505006398717,1.2262210107598994,0.015421333159567676
0.265000000000001,32.705356255399145,68.34548394932473,-0.00946614146232605,0.5946566551143586,0.7994826908322755,0.01057402064822673
0.27000000000000113,33.15304183808377,69.45304997798003,-0.010587066411972046,0.46266044937767187,0.27167356065916204,0.009178535652308846
0.27500000000000124,33.31864498914471,71.04830969003496,-0.016848400235176086,0.44766982802901206,0.918148299070447,0.013414519424509351
0.28000000000000114,33.584521607820534,71.94064226547647,-0.018030032515525818,0.5782755438762825,0.9372120855946783,0.01502147386855825
0.28500000000000103,33.97244825525992,73.15607823656596,-0.021337419748306274,0.8406388685310848,1.222286096513242,0.015870258216804586
0.29000000000000115,34.43279462931006,74.3740463659285,-0.01946176588535309,0.7669119465430392,1.846020907273014,0.014532672183760689
0.29500000000000126,34.60396852857182,75.66645994852031,-0.021590396761894226,0.7066703466571124,1.9273891920219055,0.019467858650242087
0.30000000000000115,35.23295664361063,77.41921990516225,-0.02432575821876526,0.7315469672183257,1.629516152356407,0.018716873180001557
0.30500000000000105,35.7581262694522,78.57540337266111,-0.02141702175140381,0.8028104676963742,2.0748476459403684,0.016094102801417053
0.31000000000000116,36.24328779457875,79.92099227898808,-0.018149137496948242,0.23814352867918115,1.650710307592805,0.015310557599395617
0.3150000000000013,36.698063420428056,80.32056685448374,-0.018640130758285522,0.5750673598582215,1.6526912684221633,0.018757067539769575
0.3200000000000012,37.68104726204667,81.41445922846428,-0.01496027410030365,0.7273827275441611,0.8619478663671133,0.014353258310856353
0.32500000000000107,38.845840067674075,82.03331871041065,-0.010078802704811096,0.20895875758732482,1.0599413698789264,0.01520894955273476
0.3300000000000012,39.1927457510892,82.92413199088831,-0.006574943661689758,0.2567398715766604,1.08644604754076,0.01364320695793921
0.3350000000000013,40.33829415384101,83.22495239373296,-0.0022262781858444214,0.3137347165940116,0.5198594321116861,0.012099898059559383
0.3400000000000012,41.13997546310545,83.854953372081,0.0030336976051330566,0.6665989255176238,0.7358978221371261,0.009146462303969573
0.3450000000000011,42.05459103135027,84.09044409147958,0.008923068642616272,0.4497378277463973,0.917075855708957,0.009723682252356381
0.3500000000000012,42.95857153484807,84.39936740079816,0.013823702931404114,1.0408161139125995,1.6392976756366437,0.009681848164255744
0.3550000000000013,44.161346714572026,84.08284761666027,0.01676422357559204,1.2364036977831596,1.8526020974692183,0.006784644371984299
0.3600000000000012,44.72247298789167,83.81443883971134,0.02352754771709442,1.3357310340432962,1.534943133049659,0.007251618095601775
0.3650000000000011,46.01438013882884,82.86538591895233,0.029261678457260132,1.1156801993261245,2.2979053813147305,0.003884004624650293
0.3700000000000012,46.67476701645412,81.75326200540546,0.034799471497535706,1.3319047571145999,2.034186177433855,0.0008704075149078578
0.37500000000000133,47.25007337610314,80.50136295518331,0.042959511280059814,1.3695843699109884,2.322199983575481,0.0021477977271137385
0.3800000000000012,47.68104671418528,78.4204352863472,0.04585865139961243,1.8722820736467387,2.6377368638580982,0.002456051292992134
0.3850000000000011,47.83449550553532,76.31570532974393,0.05097584426403046,2.0616067586535567,2.462681065617287,0.0034762881726225054
0.39000000000000123,47.82639259906139,74.08487389114015,0.05403853952884674,1.8342328820720668,2.016299805472113,0.0027750745559948667
0.39500000000000135,47.35287900199112,71.61146168997307,0.05677300691604614,2.0061812995252213,2.4303602340895973,0.00470569403013563
0.40000000000000124,46.6251367143013,68.84685128739915,0.06199817359447479,2.282602695365548,1.8547219138864819,0.0065357977465752585
0.40500000000000114,45.67760308850614,66.29950006465747,0.06808584928512573,1.804094160119325,1.1905014762449986,0.0043186057935679
0.41000000000000125,43.84077547719718,64.00232607929837,0.06622719764709473,2.2157639647067544,1.0639950690154159,0.012726703368240921
0.41500000000000137,41.86214700259444,61.33798914433933,0.07265208661556244,2.022745594077884,0.6860257482926725,0.011047899332541944
0.42000000000000126,39.45811593811039,58.928387331654456,0.07761439681053162,1.841197663989563,0.7458118753181707,0.015271105833403428
0.42500000000000115,36.87987238443686,57.3422433893827,0.08059369027614594,1.5207484870587042,0.8175167003832828,0.017742570477236194
0.43000000000000127,34.18160452861824,55.800159001062944,0.07781501114368439,1.029706948655546,0.457724853240358,0.014488488712640298
0.4350000000000014,31.66666493177227,54.18210986455008,0.08318287134170532,0.9200494554464942,0.7432013510902288,0.021456898923676707
0.4400000000000013,28.91876677380083,53.31712459845807,0.08143839240074158,0.7787158650998386,0.8682771826151126,0.024727108075592735
0.4450000000000012,26.550692356794844,52.19082059858183,0.08145593106746674,0.4067011961386185,1.27195298155679,0.024814088513347144
0.4500000000000013,24.813631781446144,52.02572387917551,0.07892061769962311,0.2920460109070001,0.6942651586259644,0.027154910722990044
0.4550000000000014,22.89172365216092,52.32806357698402,0.0796356052160263,0.5509876325255201,1.1303251621043426,0.024571097677081686
0.4600000000000013,21.530941796195336,52.27184966332113,0.07789865136146545,0.4581029140400512,0.9649548534511119,0.023754111250585682
0.4650000000000012,20.262330501370702,52.65673772083279,0.06953823566436768,0.6640454599812214,1.041804755408192,0.01691595423833628
0.4700000000000013,19.476855005054134,53.13025131790307,0.0671156644821167,0.9900504409943599,0.5683896142603151,0.02216550595328235
0.4750000000000014,18.707585321685418,53.14392497257782,0.060682252049446106,0.9782895094922243,0.29253563266362304,0.015674657107747424
0.4800000000000013,18.057327077152554,54.01144239694293,0.05337099730968475,1.178371024430707,0.29855724570104314,0.010802342170581196
0.4850000000000012,17.641040257054414,54.407471950856255,0.04272004961967468,1.2152216683029295,0.21289654325087848,0.017674002480857567
0.4900000000000013,17.093081206754906,54.784763533548606,0.030541792511940002,1.0072436735404866,0.5068262643561415,0.017531234355335497
0.49500000000000144,16.837839652826123,55.07191028171849,0.022402986884117126,1.177755783557992,0.38843572018883715,0.020395141171603477
0.5000000000000013,16.714270329098692,55.41577737520589,0.013777077198028564,1.2344234962418859,0.4121333213176849,0.01893793343816912
0.5050000000000012,16.4245914226557,55.44211182124616,0.011990770697593689,1.0714792950185268,0.6782065330261372,0.009029930325386711
0.5100000000000013,16.676794386656766,55.5119993895838,-0.006208270788192749,0.8572921659671338,0.8223597138525895,0.004525477122174734
0.5150000000000015,16.776054990962404,55.60872783561634,-0.01589043438434601,0.75816472223815,0.5268785550602733,0.009239273526697818
0.5200000000000014,17.089029753517945,55.4578112025394,-0.029818221926689148,0.7459119389470318,0.3503526250274804,0.015230572493591485
0.5250000000000012,17.391875882981072,55.29474020975156,-0.03509819507598877,0.7587860597018748,0.651853676871934,0.0125233002364561
0.5300000000000014,17.837029307392587,55.225359073068546,-0.052980780601501465,0.3241811390192476,0.8501610442534122,0.011145194034670536
0.5350000000000015,18.11809887570703,55.745464382363906,-0.06332932412624359,0.5025453261017679,0.4300177353167361,0.011864478261325726
0.5400000000000014,18.611363307307503,56.03362399384304,-0.06918445229530334,0.5870202643077197,0.46371693139859316,0.009684158794096101
0.5450000000000013,19.61663014172942,56.835811734762096,-0.08586481213569641,0.5864642558101802,0.4995970732371223,0.014727871797653032
0.5500000000000014,20.404637796319093,58.22292803676795,-0.09557847678661346,0.7982045694862827,0.7203770889256211,0.01932002384833199
0.5550000000000015,21.596777911296016,59.454063389150654,-0.10189886391162872,0.7153266002357532,0.17469469852071573,0.018387288730300936
0.5600000000000014,22.71649829966219,61.36077856879726,-0.11153741180896759,1.0066266468266922,0.4919615350949975,0.014732897078876827
0.5650000000000013,24.0853830621017,63.34041990670923,-0.11966883391141891,0.8925867610310467,0.682774492393771,0.017219643973694184
0.5700000000000014,25.60163943603582,65.8528273452821,-0.1315247192978859,1.042485470950171,0.46241092731424743,0.014701777356447255
0.5750000000000015,27.117895809969934,67.76359397816566,-0.13552847504615784,1.4108656006849054,0.4876250499815346,0.01535435438750953
0.5800000000000014,29.01701451479723,69.80653927290521,-0.14194434136152267,0.9523410572002682,0.8814966313736715,0.01496897968956592
0.5850000000000013,31.006278054146993,72.7934731718576,-0.1479499265551567,1.0522489654259537,0.5942489406490188,0.014128296820538639
0.5900000000000014,33.34599229849422,75.40007689818987,-0.15491538494825363,1.0585041881593438,1.4196828481471542,0.016693947870678898
0.5950000000000015,35.63202478745166,77.99199410653817,-0.16247058659791946,0.9847879631866032,1.4012391916883307,0.017167568302506483
0.6000000000000014,38.508556585696745,80.60112999114357,-0.16681421548128128,0.6338143397347319,1.5205678530341147,0.017020596643719584
0.6050000000000013,41.60032183715558,83.49184187571802,-0.17016974091529846,0.49956010996885974,1.369208761664208,0.018362752825952386
0.6100000000000014,44.87997323247867,86.5719591991206,-0.17777660489082336,0.8207624568325765,1.9318756002093305,0.017810115209520742
0.6150000000000015,48.559705634952046,90.13419945772198,-0.1848858967423439,0.6425935235265313,1.5451926919468235,0.015776040531149636
0.6200000000000014,52.673449965435275,94.78476134210307,-0.19024232774972916,0.6229930705122638,1.654605221599785,0.017065095097576546
0.6250000000000013,57.17967882824948,98.59312738485006,-0.19861425459384918,0.8849372589608108,1.2315598401698868,0.015323121210980494
0.6300000000000014,61.76491102918451,104.6404277726748,-0.20318498462438583,0.9131068063245089,1.559007878596881,0.01708430931833775
0.6350000000000016,67.01559442429101,110.39095921089186,-0.21208367496728897,0.41011209365922885,1.4442745350588806,0.014405815865517852
0.6400000000000015,72.34224256759062,116.57651544042801,-0.21988703310489655,0.6355672876901813,1.2342523878886307,0.013751931819620719
0.6450000000000014,78.07352960293208,123.10340660517846,-0.2264002114534378,0.3530914714290189,1.0505090659286316,0.013237976659697163
0.6500000000000015,83.63414917066642,128.52374460458287,-0.2330576404929161,0.708656240133001,0.4706684907560143,0.011266786802439421
0.6550000000000016,89.08841809093042,134.0013093809594,-0.24120526015758514,1.2022193625023554,1.109722342698849,0.011633796762534118
0.6600000000000015,94.45659362990891,138.75062543799154,-0.24830535799264908,0.6087698200923986,1.1306824762512837,0.008825404252475248
0.6650000000000014,99.40595019051614,141.74718153838168,-0.25302450358867645,1.6430618371357322,1.7993276513316285,0.009308159169431904
0.6700000000000015,102.09054439166,143.87166232951515,-0.2597978487610817,1.822881096161577,2.4189858936542783,0.008528657390957609
0.6750000000000016,103.55311901020434,141.84441641606884,-0.2649610638618469,2.1243070640896557,3.059499825811859,0.007139256914597792
0.6800000000000015,102.7170003484257,138.82456445956612,-0.2694011926651001,2.571732146056878,3.67254239146807,0.005869199600781705
0.6850000000000014,98.3069934999894,132.9489444026578,-0.2718947157263756,2.066471452707441,4.303522797243975,0.004783615240402643
0.6900000000000015,89.99796934262902,125.2962556696857,-0.27536940574645996,2.5246871585939186,4.613699579093109,0.0040668862024335175
0.6950000000000016,78.40422947339935,115.35398942617384,-0.27754853665828705,1.6441216895857835,4.874971293772836,0.0019516707832866347
0.7000000000000015,63.87521173398861,103.83773360010112,-0.2808137461543083,1.5033746741234981,3.7604477815751114,0.0024749107287361195
0.7050000000000014,47.89982518898139,91.77250586041964,-0.27968135476112366,0.941958385044757,4.465613508171284,0.0003543106881127171
0.7100000000000015,32.19284742092309,80.47097705590608,-0.27885060012340546,0.30831707202649183,3.4718133886951463,0.0008292742534785466
0.7150000000000016,19.17704746551873,68.51767071189575,-0.27814069390296936,0.06032066599528493,3.167345355423713,0.001965064984322013
0.7200000000000015,9.486477754353311,58.38245400797344,-0.2731595039367676,0.09004947250644935,2.030552544540779,0.00145692806900336
0.7250000000000014,3.984604258554979,49.35986764925261,-0.27327074110507965,0.04956566418661391,1.7372560499217855,0.004072084605619855
0.7300000000000015,1.285829971081735,41.58614175082621,-0.27233023196458817,0.0660907861753435,1.341353335629783,0.011544841926706802
0.7350000000000017,0.3185455107563652,35.92423585216776,-0.2868463918566704,0.01034162703225845,0.8119467274060717,0.004193753716442918
0.7400000000000015,0.05520105035364675,30.87106080236329,-0.25415772944688797,0.0053355885625670785,0.9266968660830068,0.01613027246923113
0.7450000000000014,0.009115769783171024,27.15841034233958,-0.24979934096336365,0.004019676642531285,0.42749821515381253,0.16435676698027343
0.7500000000000016,0.0005064316546206124,23.928389249169314,-0.2953742519021034,0.0008771653563640745,0.40813741476921744,
0.7550000000000017,0.0,21.69451922063779,,0.0,0.8303768208719441,
0.7600000000000016,0.0,19.392280918732492,,0.0,0.8556220881642782,
0.7650000000000015,0.0,17.583813480082284,,0.0,1.023039951930772,
0.7700000000000016,0.0,15.842195019841995,,0.0,1.0539137193847368,
0.7750000000000017,0.0,14.388229739426217,,0.0,1.1298145172959149,
0.7800000000000016,0.0,12.812214430246874,,0.0,1.0105356068209967,
0.7850000000000015,0.0,11.043248660657076,,0.0,1.109440462660019,
0.7900000000000016,0.0,9.309733106890716,,0.0,0.8793375981588536,
0.7950000000000017,0.0,7.449609639469208,,0.0,0.6371451647267907,
0.8000000000000016,0.0,5.718626243975955,,0.0,0.5455072944688203,
0.8050000000000015,0.0,4.073736229768206,,0.0,0.5021892321851541,
0.8100000000000016,0.0,2.5326647047576825,,0.0,0.330201206077949,
0.8150000000000017,0.0,1.4377594674679186,,0.0,0.21806690655140232,
0.8200000000000016,0.0,0.6720348056815526,,0.0,0.1283991520616809,
0.8250000000000015,0.0,0.25878657551113293,,0.0,0.07286810653268733,
0.8300000000000016,0.0,0.07241972661074757,,0.0,0.01875165356759847,
0.8350000000000017,0.0,0.015192949638618372,,0.0,0.009241510478649571,
0.8400000000000016,0.0,0.0030385899277236748,,0.0,0.0026314960690922234,
0.8450000000000015,0.0,0.0,,0.0,0.0,
0.8500000000000016,0.0,0.0,,0.0,0.0,
0.8550000000000018,0.0,0.0,,0.0,0.0,
0.8600000000000017,0.0,0.0,,0.0,0.0,
0.8650000000000015,0.0,0.0,,0.0,0.0,
0.8700000000000017,0.0,0.0,,0.0,0.0,
0.8750000000000018,0.0,0.0,,0.0,0.0,
0.8800000000000017,0.0,0.0,,0.0,0.0,
0.8850000000000016,0.0,0.0,,0.0,0.0,
0.8900000000000017,0.0,0.0,,0.0,0.0,
0.8950000000000018,0.0,0.0,,0.0,0.0,
0.9000000000000017,0.0,0.0,,0.0,0.0,
0.9050000000000016,0.0,0.0,,0.0,0.0,
0.9100000000000017,0.0,0.0,,0.0,0.0,
0.9150000000000018,0.0,0.0,,0.0,0.0,
0.9200000000000017,0.0,0.0,,0.0,0.0,
0.9250000000000016,0.0,0.0,,0.0,0.0,
0.9300000000000017,0.0,0.0,,0.0,0.0,
0.9350000000000018,0.0,0.0,,0.0,0.0,
0.9400000000000017,0.0,0.0,,0.0,0.0,
0.9450000000000016,0.0,0.0,,0.0,0.0,
0.9500000000000017,0.0,0.0,,0.0,0.0,
0.9550000000000018,0.0,0.0,,0.0,0.0,
0.9600000000000017,0.0,0.0,,0.0,0.0,
0.9650000000000016,0.0,0.0,,0.0,0.0,
0.9700000000000017,0.0,0.0,,0.0,0.0,
0.9750000000000019,0.0,0.0,,0.0,0.0,
0.9800000000000018,0.0,0.0,,0.0,0.0,
0.9850000000000017,0.0,0.0,,0.0,0.0,
0.9900000000000018,0.0,0.0,,0.0,0.0,
0.9950000000000019,0.0,0.0,,0.0,0.0,
